{"cameraMode":{"drawMode":0,"name":"Shaded","section":"Shading Mode"},"sceneLighting":true,"audioPlay":false,"sceneViewState":{"showFog":true,"showMaterialUpdate":false,"showSkybox":true,"showFlares":true,"showImageEffects":true,"showParticleSystems":true,"showVisualEffectGraphs":true,"m_FxEnabled":true},"in2DMode":false,"pivot":{"x":0.23901593685150147,"y":0.8895276188850403,"z":-1.6393187046051026},"rotation":{"x":0.10121680796146393,"y":-0.8802484273910523,"z":0.21765105426311494,"w":0.4093564748764038},"size":4.447895050048828,"orthographic":false}