{"cameraMode":{"drawMode":0,"name":"Shaded","section":"Shading Mode"},"sceneLighting":false,"audioPlay":false,"sceneViewState":{"showFog":true,"showMaterialUpdate":false,"showSkybox":false,"showFlares":true,"showImageEffects":true,"showParticleSystems":true,"showVisualEffectGraphs":true,"m_FxEnabled":true},"in2DMode":false,"pivot":{"x":-0.7981961965560913,"y":0.9982947111129761,"z":0.7950246334075928},"rotation":{"x":0.10121680796146393,"y":-0.8802484273910523,"z":0.21765105426311494,"w":0.4093564748764038},"size":0.8478953242301941,"orthographic":false}